-- MariaDB dump 10.19  Distrib 10.5.10-MariaDB, for debian-linux-gnu (x86_64)
--
-- Host: localhost    Database: bclub_development
-- ------------------------------------------------------
-- Server version	10.5.10-MariaDB-2

/*!40101 SET @OLD_CHARACTER_SET_CLIENT=@@CHARACTER_SET_CLIENT */;
/*!40101 SET @OLD_CHARACTER_SET_RESULTS=@@CHARACTER_SET_RESULTS */;
/*!40101 SET @OLD_COLLATION_CONNECTION=@@COLLATION_CONNECTION */;
/*!40101 SET NAMES utf8mb4 */;
/*!40103 SET @OLD_TIME_ZONE=@@TIME_ZONE */;
/*!40103 SET TIME_ZONE='+00:00' */;
/*!40014 SET @OLD_UNIQUE_CHECKS=@@UNIQUE_CHECKS, UNIQUE_CHECKS=0 */;
/*!40014 SET @OLD_FOREIGN_KEY_CHECKS=@@FOREIGN_KEY_CHECKS, FOREIGN_KEY_CHECKS=0 */;
/*!40101 SET @OLD_SQL_MODE=@@SQL_MODE, SQL_MODE='NO_AUTO_VALUE_ON_ZERO' */;
/*!40111 SET @OLD_SQL_NOTES=@@SQL_NOTES, SQL_NOTES=0 */;

--
-- Table structure for table `people`
--

DROP TABLE IF EXISTS `people`;
/*!40101 SET @saved_cs_client     = @@character_set_client */;
/*!40101 SET character_set_client = utf8 */;
CREATE TABLE `people` (
  `id` bigint(20) NOT NULL AUTO_INCREMENT,
  `nick` varchar(255) DEFAULT NULL,
  `name` varchar(255) DEFAULT NULL,
  `surname` varchar(255) DEFAULT NULL,
  `birthday` date DEFAULT NULL,
  `created_at` datetime(6) NOT NULL,
  `updated_at` datetime(6) NOT NULL,
  `player_id` bigint(20) DEFAULT 0,
  `coach_id` bigint(20) DEFAULT 0,
  `female` tinyint(1) DEFAULT NULL,
  PRIMARY KEY (`id`),
  KEY `index_people_on_player_id` (`player_id`),
  KEY `index_people_on_coach_id` (`coach_id`),
  CONSTRAINT `fk_rails_da0f3bf48f` FOREIGN KEY (`player_id`) REFERENCES `players` (`id`),
  CONSTRAINT `fk_rails_ecfa5ea1ee` FOREIGN KEY (`coach_id`) REFERENCES `coaches` (`id`)
) ENGINE=InnoDB AUTO_INCREMENT=159 DEFAULT CHARSET=utf8mb4;
/*!40101 SET character_set_client = @saved_cs_client */;

--
-- Dumping data for table `people`
--

LOCK TABLES `people` WRITE;
/*!40000 ALTER TABLE `people` DISABLE KEYS */;
INSERT INTO `people` VALUES (0,'','Nueva','Persona','2021-07-01','2021-07-04 09:32:37.585342','2021-07-17 06:53:51.661402',0,0,NULL),(1,'Kiko','Francisco Juan','Álvarez Rodríguez','1968-07-02','2021-07-17 08:13:05.846058','2021-07-17 11:37:38.797987',0,1,0),(2,'Salvi','Salvador','Quintero Pichardo','1968-07-09','2021-07-17 08:13:05.865350','2021-07-21 15:12:30.091121',0,12,0),(3,'Manolo','Manuel Agustín','Feria Ponce','1968-12-18','2021-07-17 08:13:05.879800','2021-07-17 11:36:15.888363',0,6,0),(4,'','Carlos','Díaz Márquez','2005-07-02','2021-07-17 08:38:21.062027','2021-07-17 14:20:29.340837',1,0,0),(5,'','Miguel','Domínguez','2005-07-09','2021-07-17 08:38:21.079587','2021-07-17 14:20:29.362886',2,0,0),(6,'','Iván','Cobián Ávila','2005-12-18','2021-07-17 08:38:21.093683','2021-07-17 14:20:29.385759',3,0,0),(7,'','José Luis','Pérez Rodríguez','1949-10-28','2021-07-17 08:38:21.107650','2021-07-17 11:30:11.072801',0,2,0),(8,'','Pedro','Lora García','1963-11-04','2021-07-17 08:38:21.122872','2021-07-17 08:38:21.122872',0,0,0),(9,'Rafa','Rafael Antonio','Naranjo Maine','1966-03-07','2021-07-17 08:38:21.136424','2021-07-17 08:38:21.136424',0,0,0),(10,'','María Ángeles','Beltran Molina','1971-10-11','2021-07-17 08:38:21.149853','2021-07-17 08:38:21.149853',0,0,1),(11,'','Álvaro','Menezo Alonso','1972-03-07','2021-07-17 08:38:21.163546','2021-07-17 08:39:43.853375',0,0,0),(12,'Jose','José Miguel','Alba Bayón','1973-09-11','2021-07-17 08:38:21.178208','2021-07-17 08:38:21.178208',0,0,0),(13,'Mariola','María De La O','Lopez Torres','1974-03-30','2021-07-17 08:38:21.193961','2021-07-17 08:38:21.193961',0,0,1),(14,'','Iván','González Angullo','1974-04-02','2021-07-17 08:38:21.208665','2021-07-17 11:33:23.532641',0,4,0),(15,'','Esperanza','Gómez Valdivia','1984-12-04','2021-07-17 08:38:21.222650','2021-07-17 08:38:21.222650',0,0,0),(16,'','Alfonso','López Rodríguez','1987-05-11','2021-07-17 08:38:21.239028','2021-07-17 08:38:21.239028',0,0,0),(17,'Pepe','José','Moreno García','1987-09-27','2021-07-17 08:38:21.256963','2021-07-17 14:20:29.409206',4,0,0),(18,'Ramón','Ramón Eduardo','Martínez González','1988-07-15','2021-07-17 08:38:21.271062','2021-07-17 14:20:29.428924',5,0,0),(19,'','Álvaro','López Rodríguez','1991-07-11','2021-07-17 08:38:21.292016','2021-07-17 14:20:29.455742',6,0,0),(20,'','María','Lorente Callejo','1993-06-06','2021-07-17 08:38:21.306736','2021-07-17 14:20:29.486206',7,0,1),(21,'Dani','Daniel','Pérez Fonseca','1993-09-03','2021-07-17 08:38:21.322984','2021-07-17 11:30:36.971864',0,3,0),(22,'Fernando','Fernando José','Lora Gaviño','1994-07-10','2021-07-17 08:38:21.335540','2021-07-17 14:20:29.510739',8,5,0),(23,'','Irene','Pérez Limon','1995-01-31','2021-07-17 08:38:21.351336','2021-07-17 14:20:29.532122',9,0,1),(24,'','Carlos','García Carrascal','1995-04-24','2021-07-17 08:38:21.364333','2021-07-17 14:20:29.554233',10,0,0),(25,'','Carlos','Álvarez Rico','1995-09-03','2021-07-17 08:38:21.379590','2021-07-17 14:20:29.575969',11,8,0),(26,'Juanjo','Juan José','Ligero Gandullo','1996-01-03','2021-07-17 08:38:21.393905','2021-07-17 14:20:29.600359',12,0,0),(27,'','Irene','Cruz Canelo','1996-06-16','2021-07-17 08:38:21.408928','2021-07-17 14:20:29.623845',13,0,1),(28,'','Pablo','Ruiz Godoy','1996-07-18','2021-07-17 08:38:21.422377','2021-07-17 14:20:29.648076',14,0,0),(29,'','Pablo','Hinojosa López','1996-09-06','2021-07-17 08:38:21.436119','2021-07-17 08:38:21.436119',0,0,0),(30,'Manu','Manuel','Fernández Ayuso','1996-10-02','2021-07-17 08:38:21.449600','2021-07-17 14:20:29.680102',15,0,0),(31,'','Rodrigo','Risueño Cerezo','1996-11-08','2021-07-17 08:38:21.462193','2021-07-17 14:20:29.704691',16,0,0),(32,'','Carlos','Nieto Orihuela','1996-12-02','2021-07-17 08:38:21.478471','2021-07-17 14:20:29.726223',17,0,0),(33,'','Ezequiel','Montero Ramírez','1997-02-09','2021-07-17 08:38:21.493063','2021-07-17 14:20:29.748562',18,0,0),(34,'','Alberto','Villarubia De Juan','1997-03-01','2021-07-17 08:38:21.508930','2021-07-17 14:20:29.770279',19,0,0),(35,'','Pedro','Verde Ruiz','1997-03-04','2021-07-17 08:38:21.527132','2021-07-17 14:20:29.793052',20,0,0),(36,'','Pedro','Esteban Aranegas','1997-04-24','2021-07-17 08:38:21.539629','2021-07-17 14:20:29.818043',21,0,0),(37,'','Martín','González López','1997-06-01','2021-07-17 08:38:21.553257','2021-07-17 14:20:29.845607',22,0,0),(38,'','Carmen','Ramos Llanos','1997-06-03','2021-07-17 08:38:21.570022','2021-07-17 14:20:29.869580',23,0,1),(39,'','Patricia','Senén Galdeano','1997-06-18','2021-07-17 08:38:21.582559','2021-07-17 14:20:29.893865',24,0,1),(40,'','Marcelo','Bracho Ezquerra','1998-02-02','2021-07-17 08:38:21.595965','2021-07-17 14:20:29.914671',25,0,0),(41,'','Pablo','Gallardo Díaz','1998-02-20','2021-07-17 08:38:21.609583','2021-07-17 14:20:29.937533',26,10,0),(42,'','Andrés','Álvarez Rico','1998-03-21','2021-07-17 08:38:21.623927','2021-07-17 14:20:29.962716',27,7,0),(43,'','Tomás','Jiménez Luque','1998-05-02','2021-07-17 08:38:21.637367','2021-07-17 14:20:29.986961',28,0,0),(44,'','Ignacio','Moreno Guerín Novo','1998-11-03','2021-07-17 08:38:21.650371','2021-07-17 14:20:30.014403',29,0,0),(45,'','Pablo','Ruiz Ortiz','1998-12-19','2021-07-17 08:38:21.662928','2021-07-17 14:20:30.036327',30,0,0),(46,'','Carlos','García Sancho','1999-02-05','2021-07-17 08:38:21.676590','2021-07-17 14:20:30.063704',31,0,0),(47,'','Sara','Martínez Bejarano','1999-05-08','2021-07-17 08:38:21.691132','2021-07-17 14:20:30.086585',32,9,1),(48,'','José Antonio','Domínguez Miranda','1999-06-25','2021-07-17 08:38:21.705550','2021-07-17 14:20:30.109947',33,0,0),(49,'','Belén','Cruz Canelo','1999-11-03','2021-07-17 08:38:21.719228','2021-07-17 14:20:30.131072',34,0,1),(50,'','Ana Luna','Santa María Barrera','2000-01-22','2021-07-17 08:38:21.739379','2021-07-17 14:20:30.155202',35,0,1),(51,'','Claudia','Bracho Ezquerra','2000-02-21','2021-07-17 08:38:21.754090','2021-07-17 14:20:30.177460',36,0,1),(52,'Charo','Rosario','Ros Caceres','2000-06-10','2021-07-17 08:38:21.767639','2021-07-17 14:20:30.208362',37,0,1),(53,'Mari Cruz','María Cruz','Moreno Guerín Novo','2000-09-01','2021-07-17 08:38:21.784606','2021-07-17 14:20:30.236869',38,0,1),(54,'','Lucía','Pérez De Juan','2001-02-13','2021-07-17 08:38:21.798750','2021-07-17 14:20:30.263071',39,0,1),(55,'','Clara','Prieto Gallardo','2001-04-22','2021-07-17 08:38:21.812911','2021-07-17 14:20:30.285432',40,0,1),(56,'','Jesús','Ríos Casares','2001-07-24','2021-07-17 08:38:21.827630','2021-07-17 14:20:30.311520',41,0,0),(57,'','Daniel','Plaza Otero','2001-10-12','2021-07-17 08:38:21.841556','2021-07-17 14:20:30.338677',42,0,0),(58,'','Irene','Lora Gaviño','2001-12-08','2021-07-17 08:38:21.857585','2021-07-17 14:20:30.361396',43,11,1),(59,'','Marcos','García De Santos','2002-01-08','2021-07-17 08:38:21.872453','2021-07-17 14:20:30.388519',44,0,0),(60,'Franco','Franco Germán','Cerullo','2002-02-05','2021-07-17 08:38:21.888439','2021-07-17 14:20:30.412764',45,0,0),(61,'','Elena','Álvarez González','2002-03-25','2021-07-17 08:38:21.902356','2021-07-17 14:20:30.437311',46,0,1),(62,'','Blanca','Moreno Pérez','2002-04-24','2021-07-17 08:38:21.915983','2021-07-17 14:20:30.460065',47,0,1),(63,'','Pedro','Jiménez Rodríguez','2002-07-28','2021-07-17 08:38:21.932463','2021-07-17 14:20:30.481327',48,0,0),(64,'','Lucía','Valiente Pinillos','2002-08-16','2021-07-17 08:38:21.945631','2021-07-17 14:20:30.503402',49,0,1),(65,'','Pablo','Orosa González','2002-08-25','2021-07-17 08:38:21.963709','2021-07-17 14:20:30.526313',50,0,0),(66,'','Pablo','Pulido Pérez Rendon','2002-10-24','2021-07-17 08:38:21.978819','2021-07-17 14:20:30.553552',51,0,0),(67,'Rafa','Rafael','Naranjo Giménez','2003-03-09','2021-07-17 08:38:21.991822','2021-07-17 14:20:30.576036',52,0,0),(68,'','Iván','Villarán Hans','2003-03-12','2021-07-17 08:38:22.005899','2021-07-17 14:20:30.598091',53,0,0),(69,'','Víctor','García Mantero','2003-03-13','2021-07-17 08:38:22.020083','2021-07-17 14:20:30.620464',54,0,0),(70,'','Ángel','Fontenla álvarez','2003-04-02','2021-07-17 08:38:22.033768','2021-07-17 14:20:30.644482',55,0,0),(71,'','Elvira','Marín Gayte','2003-04-07','2021-07-17 08:38:22.047295','2021-07-17 14:20:30.665929',56,0,1),(72,'','Antonio','Ortega Hervas','2003-04-23','2021-07-17 08:38:22.061312','2021-07-17 14:20:30.690363',57,0,0),(73,'','Daniel','Martínez Del Campo','2003-05-11','2021-07-17 08:38:22.078180','2021-07-17 14:20:30.720670',58,0,0),(74,'','Tomás','Valencia Castro','2003-05-24','2021-07-17 08:38:22.091921','2021-07-17 14:20:30.744917',59,0,0),(75,'','Lucía','Gallardo Díaz','2003-08-23','2021-07-17 08:38:22.105095','2021-07-17 14:20:30.765116',60,0,1),(76,'','Íker','Martinez Gómez','2003-09-01','2021-07-17 08:38:22.117868','2021-07-17 14:20:30.787436',61,0,0),(77,'Manu','Manuel','Rey Doménech','2003-09-06','2021-07-17 08:38:22.132392','2021-07-17 14:20:30.811157',62,0,0),(78,'','David','Postigo García','2003-09-23','2021-07-17 08:38:22.146809','2021-07-17 14:20:30.831750',63,0,0),(79,'','Ignacio','De Wettinck Muñoz','2003-11-08','2021-07-17 08:38:22.161505','2021-07-17 14:20:30.858972',64,0,0),(80,'','Pau','Bouzas Marín','2004-01-02','2021-07-17 08:38:22.180173','2021-07-17 14:20:30.886062',65,0,0),(81,'','Amanda','Serna Delgado','2004-01-02','2021-07-17 08:38:22.198230','2021-07-17 14:20:30.909620',66,0,1),(82,'','Pablo','Caballero Rodríguez','2004-01-07','2021-07-17 08:38:22.212224','2021-07-17 14:20:30.933556',67,0,0),(83,'','Lucas','Cruzado Perelló','2004-01-11','2021-07-17 08:38:22.226474','2021-07-17 14:20:30.955548',68,0,0),(84,'','Curro','Toledo Domínguez','2004-01-29','2021-07-17 08:38:22.240429','2021-07-17 14:20:30.976186',69,0,0),(85,'','Gaël','Thomas Caro','2004-02-01','2021-07-17 08:38:22.253904','2021-07-17 14:20:30.997641',70,0,0),(86,'','Julián','Añover Lozano','2004-03-02','2021-07-17 08:38:22.266657','2021-07-17 14:20:31.020810',71,0,0),(87,'','Alejandro','Tercero Borrás','2004-04-17','2021-07-17 08:38:22.280505','2021-07-17 14:20:31.046261',72,0,0),(88,'','Adrián','Pozo Fernández','2004-04-25','2021-07-17 08:38:22.298059','2021-07-17 14:20:31.074459',73,0,0),(89,'','Marta','Moreno Romero','2004-04-27','2021-07-17 08:38:22.313691','2021-07-17 14:20:31.095946',74,0,1),(90,'','Lucas','Rodríguez Campos','2004-04-27','2021-07-17 08:38:22.327336','2021-07-17 14:20:31.116309',75,0,0),(91,'','Adrián','Viera Iglesias','2004-06-06','2021-07-17 08:38:22.341516','2021-07-17 14:20:31.138772',76,0,0),(92,'','Alejandra','Becerra Vilaplana','2004-06-24','2021-07-17 08:38:22.355412','2021-07-17 14:20:31.159360',77,0,1),(93,'','Martín','Díaz Márquez','2004-07-10','2021-07-17 08:38:22.368406','2021-07-17 14:20:31.180884',78,0,0),(94,'','Guillermo','González Vázquez','2004-07-10','2021-07-17 08:38:22.385425','2021-07-17 14:20:31.202249',79,0,0),(95,'','Marco','Cardarelli Ramos','2004-07-13','2021-07-17 08:38:22.402639','2021-07-17 14:20:31.228656',80,0,0),(96,'','Sergio','Themes Jaut','2004-08-30','2021-07-17 08:38:22.415956','2021-07-17 14:20:31.248651',81,0,0),(97,'','Gonzalo','Montero Ramírez','2004-09-02','2021-07-17 08:38:22.429615','2021-07-17 14:20:31.269643',82,0,0),(98,'Javi','Javier','López Morales','2004-09-13','2021-07-17 08:38:22.444287','2021-07-17 14:20:31.291235',83,0,0),(99,'Ale','Alejandro','Prieto Cosano','2004-09-28','2021-07-17 08:38:22.458268','2021-07-17 14:20:31.315214',84,0,0),(100,'','Clara','Zahíno Astorga','2004-10-26','2021-07-17 08:38:22.471111','2021-07-17 14:20:31.336873',85,0,1),(101,'','Mateo','Zahíno Astorga','2004-10-26','2021-07-17 08:38:22.484800','2021-07-17 14:20:31.358764',86,0,0),(102,'','Sara','Molina González','2004-10-28','2021-07-17 08:38:22.498355','2021-07-17 14:20:31.386554',87,0,1),(103,'','Jaime','Feijóo Rodríguez','2004-11-02','2021-07-17 08:38:22.511785','2021-07-17 14:20:31.411104',88,0,0),(104,'','Candela','Risueño Cerezo','2004-11-24','2021-07-17 08:38:22.525959','2021-07-17 14:20:31.433033',89,0,1),(105,'','Elena','Ortega Juanatey','2005-01-09','2021-07-17 08:38:22.540788','2021-07-17 14:20:31.461588',90,0,1),(106,'','Tatiana','González','2005-01-12','2021-07-17 08:38:22.554757','2021-07-17 14:20:31.487217',91,0,1),(107,'Gilian','Gilian Sofía','Rodríguez Suma','2005-01-20','2021-07-17 08:38:22.568092','2021-07-17 14:20:31.511062',92,0,1),(108,'','Marta','Rodríguez Torrubia','2005-03-01','2021-07-17 08:38:22.582048','2021-07-17 14:20:31.533700',93,0,1),(109,'','Marta','Lupión Márquez','2005-03-09','2021-07-17 08:38:22.602155','2021-07-17 14:20:31.561026',94,0,1),(110,'Blanca','Blanca','Barrio López','2005-04-05','2021-07-17 08:38:22.620982','2021-07-17 14:20:31.583452',95,0,1),(111,'Nacho','José Ignacio','González González','2005-05-24','2021-07-17 08:38:22.634092','2021-07-17 14:20:31.605284',96,0,0),(112,'','Marta','Chacón Martínez Atienza','2005-06-15','2021-07-17 08:38:22.648111','2021-07-17 14:20:31.627887',97,0,1),(113,'Lucía','Lucía Johanna','Borreguero Dahms','2005-10-31','2021-07-17 08:38:22.661935','2021-07-17 14:20:31.653068',98,0,1),(114,'','Bárbara','Ortega Delgado','2005-11-07','2021-07-17 08:38:22.675680','2021-07-17 14:20:31.682311',99,0,1),(115,'','Irene','Sánchez López','2005-11-22','2021-07-17 08:38:22.689153','2021-07-17 14:20:31.703847',100,0,1),(116,'','Martina','Moise Hernaez','2006-01-06','2021-07-17 08:38:22.702386','2021-07-17 14:20:31.738572',101,0,1),(117,'','Julia','Naranjo Giménez','2006-01-22','2021-07-17 08:38:22.715553','2021-07-17 14:20:31.761599',102,0,1),(118,'','Lola','Naranjo Giménez','2006-01-22','2021-07-17 08:38:22.730455','2021-07-17 14:20:31.782630',103,0,1),(119,'','David','García Castro','2006-03-10','2021-07-17 08:38:22.745779','2021-07-17 14:20:31.806828',104,0,0),(120,'','Marina','Durán Marmol','2006-03-25','2021-07-17 08:38:22.760604','2021-07-17 14:20:31.833527',105,0,1),(121,'','Héctor','Hidalgo Moreno','2006-03-27','2021-07-17 08:38:22.776066','2021-07-17 14:20:31.855176',106,0,0),(122,'','Yago','Pozo Fernández','2006-04-22','2021-07-17 08:38:22.789916','2021-07-17 14:20:31.876949',107,0,0),(123,'','Lola','Jiménez Escobar','2006-04-25','2021-07-17 08:38:22.805052','2021-07-17 14:20:31.905466',108,0,1),(124,'','Alba','Ruiz Pacheco','2006-05-08','2021-07-17 08:38:22.822484','2021-07-17 14:20:31.926670',109,0,1),(125,'Paco','Francisco Ezequiel','Pérez Olea','2006-06-01','2021-07-17 08:38:22.841438','2021-07-17 14:20:31.948321',110,0,0),(126,'Nico','Nicolás','Angulo Vera','2006-06-14','2021-07-17 08:38:22.859627','2021-07-17 14:20:31.969250',111,0,0),(127,'Juan','Juan Jesús','Blanco Fernández','2006-06-16','2021-07-17 08:38:22.877280','2021-07-17 14:20:31.990852',112,0,0),(128,'','Sofía','Berraguero Beltran','2006-07-09','2021-07-17 08:38:22.891503','2021-07-17 14:20:32.014770',113,0,1),(129,'Vanesa','Luz Vanesa','Escobar','2006-07-22','2021-07-17 08:38:22.904649','2021-07-17 14:20:32.036065',114,0,1),(130,'','Lucía','Pérez Saborid Jurado','2006-09-05','2021-07-17 08:38:22.918082','2021-07-17 14:20:32.065308',115,0,1),(131,'','Natalia','Becerra Vilaplana','2006-10-18','2021-07-17 08:38:22.930571','2021-07-17 14:20:32.088077',116,0,1),(132,'','Maurizio','Vichi Estevez','2007-01-14','2021-07-17 08:38:22.944034','2021-07-17 14:20:32.111411',117,0,0),(133,'','Alberto','Blanco Barazar','2007-01-20','2021-07-17 08:38:22.957372','2021-07-17 14:20:32.131143',118,0,0),(134,'','Pablo','Segovia Fernández','2007-02-14','2021-07-17 08:38:22.972793','2021-07-17 14:20:32.154329',119,0,0),(135,'','Nazaret','Serna Delgado','2007-02-22','2021-07-17 08:38:22.986737','2021-07-17 14:20:32.180425',120,0,1),(136,'Beli','Belisario Andrés','Jaén Morales','2007-03-23','2021-07-17 08:38:22.999637','2021-07-17 14:20:32.203948',121,0,0),(137,'Carmen','María Del Carmen','Gil Pérez','2007-05-04','2021-07-17 08:38:23.017500','2021-07-17 14:20:32.232729',122,0,1),(138,'','Álvaro','Menezo Ortega','2007-05-07','2021-07-17 08:38:23.030741','2021-07-17 14:20:32.261053',123,0,0),(139,'','Alejandro','álvarez Soltero','2007-05-12','2021-07-17 08:38:23.046231','2021-07-17 14:20:32.283348',124,0,0),(140,'','Jesús','Rodríguez Alonso','2007-06-20','2021-07-17 08:38:23.068185','2021-07-17 14:20:32.312305',125,0,0),(141,'Pepe','José Antonio','Pérez Olea','2007-06-23','2021-07-17 08:38:23.082687','2021-07-17 14:20:32.338980',126,0,0),(142,'','Lola','Segura Benito','2007-06-25','2021-07-17 08:38:23.095934','2021-07-17 14:20:32.359989',127,0,1),(143,'Jose','José Miguel','Alba Gabaldón','2007-07-27','2021-07-17 08:38:23.108244','2021-07-17 14:20:32.382914',128,0,0),(144,'Aníbal','Aníbal David','García Lorente','2007-07-31','2021-07-17 08:38:23.122468','2021-07-17 14:20:32.411160',129,0,0),(145,'','Marcos','González Vázquez','2007-10-04','2021-07-17 08:38:23.138666','2021-07-17 14:20:32.434045',130,0,0),(146,'','Irene','Acosta Méndez','2007-10-05','2021-07-17 08:38:23.152877','2021-07-17 14:20:32.461452',131,0,1),(147,'','Mateo','Cobo Cruz','2007-12-21','2021-07-17 08:38:23.169127','2021-07-17 14:20:32.484552',132,0,0),(148,'','Marina','Montero Durán','2008-02-23','2021-07-17 08:38:23.181690','2021-07-17 14:57:47.635272',133,0,1),(149,'','Lucía','Morón Pozuelo','2008-02-26','2021-07-17 08:38:23.195812','2021-07-17 14:20:32.535058',134,0,1),(150,'','Daniel','Leflet Del Valle','2008-06-06','2021-07-17 08:38:23.209472','2021-07-17 14:20:32.559172',135,0,0),(151,'','Marina','Márquez Amador','2008-06-13','2021-07-17 08:38:23.223218','2021-07-17 14:20:32.586791',136,0,1),(152,'','Manuel','Angulo Vera','2008-06-21','2021-07-17 08:38:23.238756','2021-07-17 14:20:32.612182',137,0,0),(153,'','Arturo','Aguilera Ruiz','2008-08-10','2021-07-17 08:38:23.251641','2021-07-17 14:20:32.632569',138,0,0),(154,'','Lucas','Peña Lasaga','2008-08-23','2021-07-17 08:38:23.265641','2021-07-17 14:20:32.658236',139,0,0),(155,'','Diego','Romero Muñoz','2008-09-13','2021-07-17 08:38:23.283382','2021-07-17 14:20:32.684405',140,0,0),(156,'','Carmen','Sánchez López','2008-10-10','2021-07-17 08:38:23.298200','2021-07-17 14:20:32.709284',141,0,1),(157,'Bea','Beatriz','Barrio Lopez','2009-01-28','2021-07-17 08:38:23.311246','2021-07-17 14:20:32.730779',142,0,1),(158,'','Lucas','González Vázquez','2010-12-13','2021-07-17 08:38:23.329891','2021-07-17 14:20:32.757081',143,0,0);
/*!40000 ALTER TABLE `people` ENABLE KEYS */;
UNLOCK TABLES;

--
-- Table structure for table `players`
--

DROP TABLE IF EXISTS `players`;
/*!40101 SET @saved_cs_client     = @@character_set_client */;
/*!40101 SET character_set_client = utf8 */;
CREATE TABLE `players` (
  `id` bigint(20) NOT NULL AUTO_INCREMENT,
  `number` int(11) DEFAULT NULL,
  `active` tinyint(1) DEFAULT NULL,
  `person_id` bigint(20) NOT NULL,
  `created_at` datetime(6) NOT NULL,
  `updated_at` datetime(6) NOT NULL,
  PRIMARY KEY (`id`),
  KEY `index_players_on_person_id` (`person_id`),
  CONSTRAINT `fk_rails_b0f33d47ef` FOREIGN KEY (`person_id`) REFERENCES `people` (`id`)
) ENGINE=InnoDB AUTO_INCREMENT=144 DEFAULT CHARSET=utf8mb4;
/*!40101 SET character_set_client = @saved_cs_client */;

--
-- Dumping data for table `players`
--

LOCK TABLES `players` WRITE;
/*!40000 ALTER TABLE `players` DISABLE KEYS */;
INSERT INTO `players` VALUES (0,0,0,0,'2021-07-04 09:32:37.585342','2021-07-04 17:04:09.869189'),(1,27,1,4,'2021-07-17 14:20:29.337158','2021-07-17 14:20:29.337158'),(2,38,1,5,'2021-07-17 14:20:29.359737','2021-07-17 14:20:29.359737'),(3,79,1,6,'2021-07-17 14:20:29.382713','2021-07-17 14:20:29.382713'),(4,5,1,17,'2021-07-17 14:20:29.405838','2021-07-17 14:20:29.405838'),(5,24,1,18,'2021-07-17 14:20:29.425669','2021-07-17 14:20:29.425669'),(6,4,0,19,'2021-07-17 14:20:29.452038','2021-07-17 14:41:31.623844'),(7,4,1,20,'2021-07-17 14:20:29.476838','2021-07-17 14:20:29.476838'),(8,9,0,22,'2021-07-17 14:20:29.507142','2021-07-17 14:20:29.507142'),(9,7,1,23,'2021-07-17 14:20:29.528648','2021-07-17 14:20:29.528648'),(10,15,0,24,'2021-07-17 14:20:29.550523','2021-07-17 14:41:16.322001'),(11,13,1,25,'2021-07-17 14:20:29.572397','2021-07-17 14:20:29.572397'),(12,0,1,26,'2021-07-17 14:20:29.596878','2021-07-17 14:20:29.596878'),(13,11,1,27,'2021-07-17 14:20:29.619923','2021-07-17 14:20:29.619923'),(14,20,1,28,'2021-07-17 14:20:29.644664','2021-07-17 14:20:29.644664'),(15,21,0,30,'2021-07-17 14:20:29.676347','2021-07-17 14:20:29.676347'),(16,13,0,31,'2021-07-17 14:20:29.700818','2021-07-17 14:42:10.000727'),(17,7,0,32,'2021-07-17 14:20:29.722633','2021-07-17 14:20:29.722633'),(18,41,1,33,'2021-07-17 14:20:29.744928','2021-07-17 14:20:29.744928'),(19,15,0,34,'2021-07-17 14:20:29.766807','2021-07-17 14:41:56.929302'),(20,7,1,35,'2021-07-17 14:20:29.789433','2021-07-17 14:42:29.960170'),(21,21,1,36,'2021-07-17 14:20:29.814654','2021-07-17 14:20:29.814654'),(22,0,0,37,'2021-07-17 14:20:29.841521','2021-07-17 14:20:29.841521'),(23,4,0,38,'2021-07-17 14:20:29.866070','2021-07-17 14:20:29.866070'),(24,0,0,39,'2021-07-17 14:20:29.889892','2021-07-17 14:20:29.889892'),(25,15,1,40,'2021-07-17 14:20:29.911083','2021-07-17 14:20:29.911083'),(26,11,1,41,'2021-07-17 14:20:29.934055','2021-07-17 14:20:29.934055'),(27,10,1,42,'2021-07-17 14:20:29.959408','2021-07-17 14:20:29.959408'),(28,3,1,43,'2021-07-17 14:20:29.982631','2021-07-17 14:20:29.982631'),(29,13,0,44,'2021-07-17 14:20:30.010770','2021-07-17 14:20:30.010770'),(30,23,1,45,'2021-07-17 14:20:30.032793','2021-07-17 14:20:30.032793'),(31,5,1,46,'2021-07-17 14:20:30.060061','2021-07-17 14:20:30.060061'),(32,15,1,47,'2021-07-17 14:20:30.082985','2021-07-17 14:20:30.082985'),(33,18,0,48,'2021-07-17 14:20:30.105877','2021-07-17 14:20:30.105877'),(34,0,1,49,'2021-07-17 14:20:30.127427','2021-07-17 14:20:30.127427'),(35,4,1,50,'2021-07-17 14:20:30.151479','2021-07-17 14:20:30.151479'),(36,16,1,51,'2021-07-17 14:20:30.173635','2021-07-17 14:20:30.173635'),(37,12,1,52,'2021-07-17 14:20:30.201953','2021-07-17 14:20:30.201953'),(38,23,0,53,'2021-07-17 14:20:30.230401','2021-07-17 14:20:30.230401'),(39,21,1,54,'2021-07-17 14:20:30.259334','2021-07-17 14:20:30.259334'),(40,7,1,55,'2021-07-17 14:20:30.282198','2021-07-17 14:20:30.282198'),(41,7,0,56,'2021-07-17 14:20:30.303385','2021-07-17 14:20:30.303385'),(42,0,0,57,'2021-07-17 14:20:30.335041','2021-07-17 14:20:30.335041'),(43,9,1,58,'2021-07-17 14:20:30.357550','2021-07-17 14:20:30.357550'),(44,4,1,59,'2021-07-17 14:20:30.384450','2021-07-17 14:20:30.384450'),(45,5,0,60,'2021-07-17 14:20:30.409239','2021-07-17 14:20:30.409239'),(46,86,1,61,'2021-07-17 14:20:30.433262','2021-07-17 14:20:30.433262'),(47,0,0,62,'2021-07-17 14:20:30.456680','2021-07-17 14:20:30.456680'),(48,0,0,63,'2021-07-17 14:20:30.477684','2021-07-17 14:20:30.477684'),(49,7,0,64,'2021-07-17 14:20:30.499760','2021-07-17 14:20:30.499760'),(50,0,0,65,'2021-07-17 14:20:30.522469','2021-07-17 14:20:30.522469'),(51,5,1,66,'2021-07-17 14:20:30.549738','2021-07-17 14:20:30.549738'),(52,14,1,67,'2021-07-17 14:20:30.572340','2021-07-17 14:20:30.572340'),(53,41,1,68,'2021-07-17 14:20:30.594497','2021-07-17 14:20:30.594497'),(54,24,0,69,'2021-07-17 14:20:30.616857','2021-07-17 14:20:30.616857'),(55,42,0,70,'2021-07-17 14:20:30.641063','2021-07-17 14:20:30.641063'),(56,23,1,71,'2021-07-17 14:20:30.662581','2021-07-17 14:20:30.662581'),(57,9,0,72,'2021-07-17 14:20:30.686382','2021-07-17 14:20:30.686382'),(58,55,0,73,'2021-07-17 14:20:30.714454','2021-07-17 14:20:30.714454'),(59,6,1,74,'2021-07-17 14:20:30.741523','2021-07-17 14:20:30.741523'),(60,17,1,75,'2021-07-17 14:20:30.761655','2021-07-17 14:20:30.761655'),(61,5,1,76,'2021-07-17 14:20:30.783810','2021-07-17 14:20:30.783810'),(62,12,1,77,'2021-07-17 14:20:30.807876','2021-07-17 14:20:30.807876'),(63,5,0,78,'2021-07-17 14:20:30.828378','2021-07-17 14:20:30.828378'),(64,44,1,79,'2021-07-17 14:20:30.855439','2021-07-17 14:20:30.855439'),(65,22,0,80,'2021-07-17 14:20:30.878478','2021-07-17 14:20:30.878478'),(66,9,0,81,'2021-07-17 14:20:30.905691','2021-07-17 14:20:30.905691'),(67,21,1,82,'2021-07-17 14:20:30.929933','2021-07-17 14:20:30.929933'),(68,14,1,83,'2021-07-17 14:20:30.952149','2021-07-17 14:20:30.952149'),(69,33,1,84,'2021-07-17 14:20:30.972543','2021-07-17 14:20:30.972543'),(70,23,1,85,'2021-07-17 14:20:30.994051','2021-07-17 14:20:30.994051'),(71,20,0,86,'2021-07-17 14:20:31.017398','2021-07-17 14:20:31.017398'),(72,25,1,87,'2021-07-17 14:20:31.041988','2021-07-17 14:20:31.041988'),(73,8,1,88,'2021-07-17 14:20:31.071045','2021-07-17 14:20:31.071045'),(74,0,0,89,'2021-07-17 14:20:31.092297','2021-07-17 14:20:31.092297'),(75,0,0,90,'2021-07-17 14:20:31.112940','2021-07-17 14:20:31.112940'),(76,16,1,91,'2021-07-17 14:20:31.135408','2021-07-17 14:20:31.135408'),(77,14,0,92,'2021-07-17 14:20:31.155788','2021-07-17 14:20:31.155788'),(78,10,1,93,'2021-07-17 14:20:31.177398','2021-07-17 14:20:31.177398'),(79,11,1,94,'2021-07-17 14:20:31.198799','2021-07-17 14:20:31.198799'),(80,31,1,95,'2021-07-17 14:20:31.225363','2021-07-17 14:20:31.225363'),(81,26,0,96,'2021-07-17 14:20:31.245326','2021-07-17 14:20:31.245326'),(82,4,1,97,'2021-07-17 14:20:31.266644','2021-07-17 14:20:31.266644'),(83,7,1,98,'2021-07-17 14:20:31.287449','2021-07-17 14:20:31.287449'),(84,16,1,99,'2021-07-17 14:20:31.311773','2021-07-17 14:20:31.311773'),(85,15,0,100,'2021-07-17 14:20:31.333426','2021-07-17 14:20:31.333426'),(86,14,0,101,'2021-07-17 14:20:31.354935','2021-07-17 14:20:31.354935'),(87,0,0,102,'2021-07-17 14:20:31.382951','2021-07-17 14:20:31.382951'),(88,7,0,103,'2021-07-17 14:20:31.407134','2021-07-17 14:20:31.407134'),(89,13,0,104,'2021-07-17 14:20:31.429438','2021-07-17 14:20:31.429438'),(90,16,0,105,'2021-07-17 14:20:31.457348','2021-07-17 14:20:31.457348'),(91,18,0,106,'2021-07-17 14:20:31.483902','2021-07-17 14:20:31.483902'),(92,19,0,107,'2021-07-17 14:20:31.507398','2021-07-17 14:20:31.507398'),(93,11,0,108,'2021-07-17 14:20:31.529683','2021-07-17 14:20:31.529683'),(94,11,1,109,'2021-07-17 14:20:31.557211','2021-07-17 14:20:31.557211'),(95,7,1,110,'2021-07-17 14:20:31.580174','2021-07-17 14:20:31.580174'),(96,78,0,111,'2021-07-17 14:20:31.601874','2021-07-17 14:20:31.601874'),(97,0,0,112,'2021-07-17 14:20:31.624026','2021-07-17 14:20:31.624026'),(98,4,1,113,'2021-07-17 14:20:31.649819','2021-07-17 14:20:31.649819'),(99,6,0,114,'2021-07-17 14:20:31.678067','2021-07-17 14:20:31.678067'),(100,9,1,115,'2021-07-17 14:20:31.700400','2021-07-17 14:20:31.700400'),(101,10,1,116,'2021-07-17 14:20:31.735326','2021-07-17 14:20:31.735326'),(102,12,1,117,'2021-07-17 14:20:31.757980','2021-07-17 14:20:31.757980'),(103,15,1,118,'2021-07-17 14:20:31.778901','2021-07-17 14:20:31.778901'),(104,8,1,119,'2021-07-17 14:20:31.803191','2021-07-17 14:20:31.803191'),(105,42,1,120,'2021-07-17 14:20:31.829950','2021-07-17 14:20:31.829950'),(106,5,0,121,'2021-07-17 14:20:31.851621','2021-07-17 14:20:31.851621'),(107,10,1,122,'2021-07-17 14:20:31.873459','2021-07-17 14:20:31.873459'),(108,0,1,123,'2021-07-17 14:20:31.902129','2021-07-17 14:20:31.902129'),(109,5,1,124,'2021-07-17 14:20:31.922805','2021-07-17 14:20:31.922805'),(110,20,1,125,'2021-07-17 14:20:31.944148','2021-07-17 14:20:31.944148'),(111,14,1,126,'2021-07-17 14:20:31.965942','2021-07-17 14:20:31.965942'),(112,7,1,127,'2021-07-17 14:20:31.987453','2021-07-17 14:20:31.987453'),(113,99,1,128,'2021-07-17 14:20:32.010934','2021-07-17 14:20:32.010934'),(114,30,1,129,'2021-07-17 14:20:32.032731','2021-07-17 14:20:32.032731'),(115,21,1,130,'2021-07-17 14:20:32.061447','2021-07-17 14:20:32.061447'),(116,16,0,131,'2021-07-17 14:20:32.084605','2021-07-17 14:20:32.084605'),(117,18,0,132,'2021-07-17 14:20:32.107819','2021-07-17 14:20:32.107819'),(118,11,0,133,'2021-07-17 14:20:32.127869','2021-07-17 14:51:42.976485'),(119,9,1,134,'2021-07-17 14:20:32.150768','2021-07-17 14:20:32.150768'),(120,15,1,135,'2021-07-17 14:20:32.176967','2021-07-17 14:20:32.176967'),(121,9,1,136,'2021-07-17 14:20:32.200357','2021-07-17 14:20:32.200357'),(122,10,1,137,'2021-07-17 14:20:32.228706','2021-07-17 14:20:32.228706'),(123,24,1,138,'2021-07-17 14:20:32.256461','2021-07-17 14:20:32.256461'),(124,42,1,139,'2021-07-17 14:20:32.279761','2021-07-17 14:20:32.279761'),(125,12,1,140,'2021-07-17 14:20:32.306355','2021-07-17 14:20:32.306355'),(126,15,1,141,'2021-07-17 14:20:32.335562','2021-07-17 14:20:32.335562'),(127,0,1,142,'2021-07-17 14:20:32.356424','2021-07-17 14:20:32.356424'),(128,4,1,143,'2021-07-17 14:20:32.379491','2021-07-17 14:20:32.379491'),(129,6,1,144,'2021-07-17 14:20:32.407252','2021-07-17 14:20:32.407252'),(130,13,1,145,'2021-07-17 14:20:32.430390','2021-07-17 14:20:32.430390'),(131,9,0,146,'2021-07-17 14:20:32.457560','2021-07-17 14:20:32.457560'),(132,7,1,147,'2021-07-17 14:20:32.480749','2021-07-17 14:20:32.480749'),(133,42,1,148,'2021-07-17 14:20:32.508551','2021-07-17 14:52:16.344216'),(134,8,1,149,'2021-07-17 14:20:32.531644','2021-07-17 14:52:53.580574'),(135,26,1,150,'2021-07-17 14:20:32.555152','2021-07-17 14:53:06.616773'),(136,11,0,151,'2021-07-17 14:20:32.583161','2021-07-17 14:53:30.060956'),(137,14,1,152,'2021-07-17 14:20:32.608254','2021-07-17 14:20:32.608254'),(138,14,1,153,'2021-07-17 14:20:32.629315','2021-07-17 14:53:45.253153'),(139,3,1,154,'2021-07-17 14:20:32.654756','2021-07-17 14:20:32.654756'),(140,8,1,155,'2021-07-17 14:20:32.680768','2021-07-17 14:53:55.530980'),(141,9,1,156,'2021-07-17 14:20:32.704252','2021-07-17 14:20:32.704252'),(142,7,1,157,'2021-07-17 14:20:32.727373','2021-07-17 14:20:32.727373'),(143,12,1,158,'2021-07-17 14:20:32.753342','2021-07-17 14:20:32.753342');
/*!40000 ALTER TABLE `players` ENABLE KEYS */;
UNLOCK TABLES;

--
-- Table structure for table `coaches`
--

DROP TABLE IF EXISTS `coaches`;
/*!40101 SET @saved_cs_client     = @@character_set_client */;
/*!40101 SET character_set_client = utf8 */;
CREATE TABLE `coaches` (
  `id` bigint(20) NOT NULL AUTO_INCREMENT,
  `active` tinyint(1) DEFAULT NULL,
  `person_id` bigint(20) NOT NULL,
  `created_at` datetime(6) NOT NULL,
  `updated_at` datetime(6) NOT NULL,
  PRIMARY KEY (`id`),
  KEY `index_coaches_on_person_id` (`person_id`),
  CONSTRAINT `fk_rails_2597fd4f92` FOREIGN KEY (`person_id`) REFERENCES `people` (`id`)
) ENGINE=InnoDB AUTO_INCREMENT=13 DEFAULT CHARSET=utf8mb4;
/*!40101 SET character_set_client = @saved_cs_client */;

--
-- Dumping data for table `coaches`
--

LOCK TABLES `coaches` WRITE;
/*!40000 ALTER TABLE `coaches` DISABLE KEYS */;
INSERT INTO `coaches` VALUES (0,0,0,'2021-07-04 09:32:37.585342','2021-07-04 17:04:09.869189'),(1,1,1,'2021-07-17 11:29:11.002050','2021-07-17 11:29:11.002050'),(2,0,7,'2021-07-17 11:30:11.068954','2021-07-17 11:30:15.750526'),(3,1,21,'2021-07-17 11:30:36.967759','2021-07-17 11:30:36.967759'),(4,1,14,'2021-07-17 11:33:23.527471','2021-07-17 11:33:23.527471'),(5,1,22,'2021-07-17 11:35:44.544320','2021-07-17 11:35:44.544320'),(6,0,3,'2021-07-17 11:36:15.878569','2021-07-17 11:36:19.936806'),(7,0,42,'2021-07-17 11:36:40.010150','2021-07-17 11:36:50.591677'),(8,0,25,'2021-07-17 11:37:00.801092','2021-07-17 11:37:06.948565'),(9,0,47,'2021-07-17 11:38:44.829430','2021-07-17 11:38:48.183376'),(10,1,41,'2021-07-17 11:39:16.893640','2021-07-17 11:39:16.893640'),(11,1,58,'2021-07-17 11:39:46.746194','2021-07-17 11:39:46.746194'),(12,0,2,'2021-07-21 15:10:45.671137','2021-07-21 15:10:45.671137');
/*!40000 ALTER TABLE `coaches` ENABLE KEYS */;
UNLOCK TABLES;

--
-- Table structure for table `teams`
--

DROP TABLE IF EXISTS `teams`;
/*!40101 SET @saved_cs_client     = @@character_set_client */;
/*!40101 SET character_set_client = utf8 */;
CREATE TABLE `teams` (
  `id` bigint(20) NOT NULL AUTO_INCREMENT,
  `name` varchar(255) DEFAULT NULL,
  `category_id` bigint(20) NOT NULL,
  `division_id` bigint(20) NOT NULL,
  `season_id` bigint(20) NOT NULL,
  `created_at` datetime(6) NOT NULL,
  `updated_at` datetime(6) NOT NULL,
  `homecourt_id` bigint(20) DEFAULT NULL,
  PRIMARY KEY (`id`),
  KEY `index_teams_on_category_id` (`category_id`),
  KEY `index_teams_on_division_id` (`division_id`),
  KEY `index_teams_on_season_id` (`season_id`),
  KEY `index_teams_on_homecourt_id` (`homecourt_id`),
  CONSTRAINT `fk_rails_1435fd1e80` FOREIGN KEY (`homecourt_id`) REFERENCES `locations` (`id`),
  CONSTRAINT `fk_rails_5fef1fc74c` FOREIGN KEY (`season_id`) REFERENCES `seasons` (`id`),
  CONSTRAINT `fk_rails_f303df3bce` FOREIGN KEY (`category_id`) REFERENCES `categories` (`id`),
  CONSTRAINT `fk_rails_f5e3e59211` FOREIGN KEY (`division_id`) REFERENCES `divisions` (`id`)
) ENGINE=InnoDB AUTO_INCREMENT=13 DEFAULT CHARSET=utf8mb4;
/*!40101 SET character_set_client = @saved_cs_client */;

--
-- Dumping data for table `teams`
--

LOCK TABLES `teams` WRITE;
/*!40000 ALTER TABLE `teams` DISABLE KEYS */;
INSERT INTO `teams` VALUES (0,'Sin Equipo',0,0,1,'2021-07-23 06:33:52.148942','2021-07-23 06:37:57.197594',1),(1,'Senior Fem.',1,3,1,'2021-07-16 19:01:05.427845','2021-07-16 19:01:05.427845',NULL),(2,'Senior Masc. A',2,4,1,'2021-07-16 19:01:05.439057','2021-07-16 19:01:05.439057',NULL),(3,'Junior Masc. Fab',4,3,1,'2021-07-16 19:01:05.451225','2021-07-16 19:01:05.451225',NULL),(4,'Junior Masc. Imd',4,2,1,'2021-07-16 19:01:05.462475','2021-07-16 19:01:05.462475',NULL),(5,'Cadete Fem.',5,3,1,'2021-07-16 19:01:05.473687','2021-07-17 14:47:45.236280',NULL),(6,'Cadete Masc. Fab',6,3,1,'2021-07-16 19:01:05.486644','2021-07-16 19:01:05.486644',NULL),(7,'Cadete Masc. Imd',6,2,1,'2021-07-16 19:01:05.497701','2021-07-16 19:01:05.497701',NULL),(8,'Infantil Fem.',7,3,1,'2021-07-16 19:01:05.508572','2021-07-17 14:49:27.191733',NULL),(9,'Infantil Masc.',8,2,1,'2021-07-16 19:01:05.525087','2021-07-16 19:01:05.525087',NULL),(10,'Alevín Masc.',10,3,1,'2021-07-16 19:01:05.542185','2021-07-23 04:56:29.109843',NULL),(11,'Benjamín Mixto',14,1,1,'2021-07-16 19:01:05.560800','2021-07-16 19:01:05.560800',NULL),(12,'Senior Masc. B',2,2,1,'2021-07-16 19:01:05.572413','2021-07-16 19:01:05.572413',NULL);
/*!40000 ALTER TABLE `teams` ENABLE KEYS */;
UNLOCK TABLES;

--
-- Table structure for table `skills`
--

DROP TABLE IF EXISTS `skills`;
/*!40101 SET @saved_cs_client     = @@character_set_client */;
/*!40101 SET character_set_client = utf8 */;
CREATE TABLE `skills` (
  `id` bigint(20) NOT NULL AUTO_INCREMENT,
  `name` varchar(255) DEFAULT NULL,
  `created_at` datetime(6) NOT NULL,
  `updated_at` datetime(6) NOT NULL,
  PRIMARY KEY (`id`)
) ENGINE=InnoDB AUTO_INCREMENT=17 DEFAULT CHARSET=utf8mb4;
/*!40101 SET character_set_client = @saved_cs_client */;

--
-- Dumping data for table `skills`
--

LOCK TABLES `skills` WRITE;
/*!40000 ALTER TABLE `skills` DISABLE KEYS */;
INSERT INTO `skills` VALUES (1,'Velocidad','2021-07-16 19:01:05.691295','2021-07-16 19:01:05.691295'),(2,'Salto','2021-07-16 19:01:05.696956','2021-07-16 19:01:05.696956'),(3,'Resistencia','2021-07-16 19:01:05.702205','2021-07-16 19:01:05.702205'),(4,'Fuerza','2021-07-16 19:01:05.707593','2021-07-16 19:01:05.707593'),(5,'Bote','2021-07-16 19:01:05.712945','2021-07-16 19:01:05.712945'),(6,'Pase','2021-07-16 19:01:05.718291','2021-07-16 19:01:05.718291'),(7,'Tiro','2021-07-16 19:01:05.723702','2021-07-16 19:01:05.723702'),(8,'Finalización','2021-07-16 19:01:05.729168','2021-07-16 19:01:05.729168'),(9,'Defensa','2021-07-16 19:01:05.734636','2021-07-16 19:01:05.734636'),(10,'Rebote','2021-07-16 19:01:05.740110','2021-07-16 19:01:05.740110'),(11,'M-a-M','2021-07-16 19:01:05.745472','2021-07-16 19:01:05.745472'),(12,'B.Ind.','2021-07-16 19:01:05.752712','2021-07-16 19:01:05.752712'),(13,'B.Dir.','2021-07-16 19:01:05.759722','2021-07-16 19:01:05.759722'),(14,'B.Ciego','2021-07-16 19:01:05.765732','2021-07-16 19:01:05.765732'),(15,'Descanso','2021-07-26 14:34:50.974043','2021-07-26 14:34:50.974043'),(16,'Cambios de Ritmo','2021-07-27 07:52:19.074866','2021-07-27 07:52:19.074866');
/*!40000 ALTER TABLE `skills` ENABLE KEYS */;
UNLOCK TABLES;

--
-- Table structure for table `locations`
--

DROP TABLE IF EXISTS `locations`;
/*!40101 SET @saved_cs_client     = @@character_set_client */;
/*!40101 SET character_set_client = utf8 */;
CREATE TABLE `locations` (
  `id` bigint(20) NOT NULL AUTO_INCREMENT,
  `name` varchar(255) DEFAULT NULL,
  `gmaps_url` varchar(255) DEFAULT NULL,
  `created_at` datetime(6) NOT NULL,
  `updated_at` datetime(6) NOT NULL,
  `practice_court` tinyint(1) DEFAULT NULL,
  PRIMARY KEY (`id`)
) ENGINE=InnoDB AUTO_INCREMENT=12 DEFAULT CHARSET=utf8mb4;
/*!40101 SET character_set_client = @saved_cs_client */;

--
-- Dumping data for table `locations`
--

LOCK TABLES `locations` WRITE;
/*!40000 ALTER TABLE `locations` DISABLE KEYS */;
INSERT INTO `locations` VALUES (1,'Marina Alabau','https://goo.gl/maps/GCHt21pgWYSbWZsw8','2021-07-18 06:34:51.404542','2021-07-23 05:15:54.187610',NULL),(2,'Marina Alabau-P.1','https://goo.gl/maps/GCHt21pgWYSbWZsw8','2021-07-18 06:35:32.408741','2021-07-23 05:15:48.290911',1),(3,'Marina Alabau-P.2','https://goo.gl/maps/GCHt21pgWYSbWZsw8','2021-07-18 06:36:01.037166','2021-07-23 05:15:42.251243',1),(4,'Marina Alabau-P.3','https://goo.gl/maps/GCHt21pgWYSbWZsw8','2021-07-18 06:38:44.073494','2021-07-23 05:15:26.002028',1),(5,'Marina Alabau-ext','https://goo.gl/maps/GCHt21pgWYSbWZsw8','2021-07-18 06:39:46.895961','2021-07-23 05:14:53.026619',1),(6,'Centro Hípico','https://goo.gl/maps/5dFaxD7yWn6jwa2t5','2021-07-18 06:40:28.281015','2021-07-23 05:16:43.015353',1),(7,'Francisco León-1','https://goo.gl/maps/GpErh2nmXaeuNKdB9','2021-07-18 06:41:34.656870','2021-07-23 05:17:56.258068',1),(8,'Francisco León-2','https://goo.gl/maps/GpErh2nmXaeuNKdB9','2021-07-18 06:41:40.552971','2021-07-23 05:17:44.162014',1),(9,'Francisco León-3','https://goo.gl/maps/GpErh2nmXaeuNKdB9','2021-07-23 04:51:00.729894','2021-07-23 05:18:03.866160',1),(10,'CD Polígono Sur','https://goo.gl/maps/qXE8EM8zNSBEtcjo9','2021-07-23 04:52:04.659002','2021-07-23 04:52:04.659002',NULL),(11,'Mar del Plata','https://goo.gl/maps/wYqn4tN4ymRziXRo8','2021-07-23 05:19:22.265621','2021-07-23 05:19:22.265621',NULL);
/*!40000 ALTER TABLE `locations` ENABLE KEYS */;
UNLOCK TABLES;

--
-- Table structure for table `divisions`
--

DROP TABLE IF EXISTS `divisions`;
/*!40101 SET @saved_cs_client     = @@character_set_client */;
/*!40101 SET character_set_client = utf8 */;
CREATE TABLE `divisions` (
  `id` bigint(20) NOT NULL AUTO_INCREMENT,
  `name` varchar(255) DEFAULT NULL,
  `created_at` datetime(6) NOT NULL,
  `updated_at` datetime(6) NOT NULL,
  PRIMARY KEY (`id`)
) ENGINE=InnoDB AUTO_INCREMENT=5 DEFAULT CHARSET=utf8mb4;
/*!40101 SET character_set_client = @saved_cs_client */;

--
-- Dumping data for table `divisions`
--

LOCK TABLES `divisions` WRITE;
/*!40000 ALTER TABLE `divisions` DISABLE KEYS */;
INSERT INTO `divisions` VALUES (0,'Ninguna','2021-07-16 19:01:05.231284','2021-07-16 19:01:05.231284'),(1,'JDM-Aljarafe','2021-07-16 19:01:05.238017','2021-07-16 19:01:05.238017'),(2,'IMD-Sevilla','2021-07-16 19:01:05.250461','2021-07-16 19:01:05.250461'),(3,'FAB-Sevilla','2021-07-16 19:01:05.262090','2021-07-16 19:01:05.262090'),(4,'FAB-Nacional','2021-07-16 19:01:05.275686','2021-07-16 19:01:05.275686');
/*!40000 ALTER TABLE `divisions` ENABLE KEYS */;
UNLOCK TABLES;

--
-- Table structure for table `categories`
--

DROP TABLE IF EXISTS `categories`;
/*!40101 SET @saved_cs_client     = @@character_set_client */;
/*!40101 SET character_set_client = utf8 */;
CREATE TABLE `categories` (
  `id` bigint(20) NOT NULL AUTO_INCREMENT,
  `name` varchar(255) DEFAULT NULL,
  `sex` varchar(255) DEFAULT NULL,
  `min_years` int(11) DEFAULT NULL,
  `max_years` int(11) DEFAULT NULL,
  `created_at` datetime(6) NOT NULL,
  `updated_at` datetime(6) NOT NULL,
  PRIMARY KEY (`id`)
) ENGINE=InnoDB AUTO_INCREMENT=15 DEFAULT CHARSET=utf8mb4;
/*!40101 SET character_set_client = @saved_cs_client */;

--
-- Dumping data for table `categories`
--

LOCK TABLES `categories` WRITE;
/*!40000 ALTER TABLE `categories` DISABLE KEYS */;
INSERT INTO `categories` VALUES (0,'Sin Categoría','Mixto',0,99,'2021-07-23 06:36:51.949782','2021-07-23 06:36:51.949782'),(1,'Senior','Fem.',15,99,'2021-07-16 19:01:05.309395','2021-07-16 19:01:05.309395'),(2,'Senior','Masc.',17,99,'2021-07-16 19:01:05.330349','2021-07-16 19:01:05.330349'),(3,'Junior','Fem.',15,17,'2021-07-16 19:01:05.336203','2021-07-16 19:01:05.336203'),(4,'Junior','Masc.',15,17,'2021-07-16 19:01:05.341419','2021-07-16 19:01:05.341419'),(5,'Cadete','Fem.',13,15,'2021-07-16 19:01:05.346565','2021-07-16 19:01:05.346565'),(6,'Cadete','Masc.',13,15,'2021-07-16 19:01:05.351735','2021-07-16 19:01:05.351735'),(7,'Infantil','Fem.',11,13,'2021-07-16 19:01:05.356980','2021-07-16 19:01:05.356980'),(8,'Infantil','Masc.',11,13,'2021-07-16 19:01:05.362163','2021-07-16 19:01:05.362163'),(9,'Alevín','Fem.',9,11,'2021-07-16 19:01:05.367414','2021-07-16 19:01:05.367414'),(10,'Alevín','Masc',9,11,'2021-07-16 19:01:05.372700','2021-07-16 19:01:05.372700'),(11,'Alevín','Mixto',9,11,'2021-07-16 19:01:05.377939','2021-07-16 19:01:05.377939'),(12,'Benjamín','Fem.',6,9,'2021-07-16 19:01:05.383181','2021-07-16 19:01:05.383181'),(13,'Benjamín','Masc.',6,9,'2021-07-16 19:01:05.388451','2021-07-16 19:01:05.388451'),(14,'Benjamín','Mixto',6,9,'2021-07-16 19:01:05.393710','2021-07-16 19:01:05.393710');
/*!40000 ALTER TABLE `categories` ENABLE KEYS */;
UNLOCK TABLES;

--
-- Table structure for table `seasons`
--

DROP TABLE IF EXISTS `seasons`;
/*!40101 SET @saved_cs_client     = @@character_set_client */;
/*!40101 SET character_set_client = utf8 */;
CREATE TABLE `seasons` (
  `id` bigint(20) NOT NULL AUTO_INCREMENT,
  `name` varchar(255) DEFAULT NULL,
  `created_at` datetime(6) NOT NULL,
  `updated_at` datetime(6) NOT NULL,
  PRIMARY KEY (`id`)
) ENGINE=InnoDB AUTO_INCREMENT=2 DEFAULT CHARSET=utf8mb4;
/*!40101 SET character_set_client = @saved_cs_client */;

--
-- Dumping data for table `seasons`
--

LOCK TABLES `seasons` WRITE;
/*!40000 ALTER TABLE `seasons` DISABLE KEYS */;
INSERT INTO `seasons` VALUES (1,'2021-22','2021-07-16 19:01:05.203603','2021-07-16 19:01:05.203603');
/*!40000 ALTER TABLE `seasons` ENABLE KEYS */;
UNLOCK TABLES;

--
-- Table structure for table `drills`
--

DROP TABLE IF EXISTS `drills`;
/*!40101 SET @saved_cs_client     = @@character_set_client */;
/*!40101 SET character_set_client = utf8 */;
CREATE TABLE `drills` (
  `id` bigint(20) NOT NULL AUTO_INCREMENT,
  `name` varchar(255) DEFAULT NULL,
  `description` varchar(255) DEFAULT NULL,
  `material` varchar(255) DEFAULT NULL,
  `coach_id` bigint(20) NOT NULL,
  `kind_id` bigint(20) NOT NULL,
  `created_at` datetime(6) NOT NULL,
  `updated_at` datetime(6) NOT NULL,
  PRIMARY KEY (`id`),
  KEY `index_drills_on_coach_id` (`coach_id`),
  KEY `index_drills_on_kind_id` (`kind_id`),
  CONSTRAINT `fk_rails_002117bad4` FOREIGN KEY (`kind_id`) REFERENCES `kinds` (`id`),
  CONSTRAINT `fk_rails_7d737428da` FOREIGN KEY (`coach_id`) REFERENCES `coaches` (`id`)
) ENGINE=InnoDB AUTO_INCREMENT=7 DEFAULT CHARSET=utf8mb4;
/*!40101 SET character_set_client = @saved_cs_client */;

--
-- Dumping data for table `drills`
--

LOCK TABLES `drills` WRITE;
/*!40000 ALTER TABLE `drills` DISABLE KEYS */;
INSERT INTO `drills` VALUES (1,'Agua','Descanso para recuperar','Agua',1,18,'2021-07-26 10:41:56.366391','2021-07-26 10:41:56.366391'),(6,'Serpientes De Bote','Circuitos de bote para terminar en canasta','Una canasta, varios conos. Un balón por jugador',4,1,'2021-07-26 16:52:26.563145','2021-07-27 07:29:24.295696');
/*!40000 ALTER TABLE `drills` ENABLE KEYS */;
UNLOCK TABLES;

--
-- Table structure for table `kinds`
--

DROP TABLE IF EXISTS `kinds`;
/*!40101 SET @saved_cs_client     = @@character_set_client */;
/*!40101 SET character_set_client = utf8 */;
CREATE TABLE `kinds` (
  `id` bigint(20) NOT NULL AUTO_INCREMENT,
  `name` varchar(255) DEFAULT NULL,
  `created_at` datetime(6) NOT NULL,
  `updated_at` datetime(6) NOT NULL,
  PRIMARY KEY (`id`)
) ENGINE=InnoDB AUTO_INCREMENT=22 DEFAULT CHARSET=utf8mb4;
/*!40101 SET character_set_client = @saved_cs_client */;

--
-- Dumping data for table `kinds`
--

LOCK TABLES `kinds` WRITE;
/*!40000 ALTER TABLE `kinds` DISABLE KEYS */;
INSERT INTO `kinds` VALUES (1,'1x0','2021-07-26 10:39:37.023228','2021-07-26 10:39:37.023228'),(2,'1x1','2021-07-26 10:39:39.976205','2021-07-26 10:39:39.976205'),(3,'1x1+1','2021-07-26 10:39:43.838424','2021-07-26 10:39:43.838424'),(4,'1x2','2021-07-26 10:39:54.618393','2021-07-26 10:39:54.618393'),(5,'2x0','2021-07-26 10:39:59.827686','2021-07-26 10:39:59.827686'),(6,'2x1','2021-07-26 10:40:02.366660','2021-07-26 10:40:02.366660'),(7,'2x2','2021-07-26 10:40:04.606327','2021-07-26 10:40:04.606327'),(8,'3x0','2021-07-26 10:40:09.391204','2021-07-26 10:40:09.391204'),(9,'3x2','2021-07-26 10:40:11.428064','2021-07-26 10:40:11.428064'),(10,'3x3','2021-07-26 10:40:15.486549','2021-07-26 10:40:15.486549'),(11,'3x3+2','2021-07-26 10:40:23.290609','2021-07-26 10:40:23.290609'),(12,'4x0','2021-07-26 10:40:28.447111','2021-07-26 10:40:28.447111'),(13,'4x4','2021-07-26 10:40:33.067236','2021-07-26 10:40:33.067236'),(14,'5x0','2021-07-26 10:40:37.558518','2021-07-26 10:40:37.558518'),(15,'5x5','2021-07-26 10:40:39.925764','2021-07-26 10:40:39.925764'),(16,'Juego','2021-07-26 10:41:01.414304','2021-07-26 10:41:01.414304'),(17,'Físico','2021-07-26 10:41:08.647090','2021-07-26 10:41:08.647090'),(18,'Descanso','2021-07-26 10:41:28.241740','2021-07-26 10:41:28.241740'),(19,'Jugada','2021-07-26 10:41:43.342106','2021-07-26 10:41:43.342106'),(20,'Defensa','2021-07-26 10:41:50.334069','2021-07-26 10:41:50.334069'),(21,'Sistema','2021-07-26 10:41:56.366391','2021-07-26 10:41:56.366391');
/*!40000 ALTER TABLE `kinds` ENABLE KEYS */;
UNLOCK TABLES;

--
-- Table structure for table `training_slots`
--

DROP TABLE IF EXISTS `training_slots`;
/*!40101 SET @saved_cs_client     = @@character_set_client */;
/*!40101 SET character_set_client = utf8 */;
CREATE TABLE `training_slots` (
  `id` bigint(20) NOT NULL AUTO_INCREMENT,
  `season_id` bigint(20) NOT NULL,
  `location_id` bigint(20) NOT NULL,
  `wday` int(11) DEFAULT NULL,
  `start` time DEFAULT NULL,
  `duration` int(11) DEFAULT NULL,
  `created_at` datetime(6) NOT NULL,
  `updated_at` datetime(6) NOT NULL,
  `team_id` bigint(20) DEFAULT 0,
  PRIMARY KEY (`id`),
  KEY `index_training_slots_on_season_id` (`season_id`),
  KEY `index_training_slots_on_location_id` (`location_id`),
  KEY `index_training_slots_on_team_id` (`team_id`),
  CONSTRAINT `fk_rails_1bb5efa1e4` FOREIGN KEY (`location_id`) REFERENCES `locations` (`id`),
  CONSTRAINT `fk_rails_43f3f28895` FOREIGN KEY (`season_id`) REFERENCES `seasons` (`id`),
  CONSTRAINT `fk_rails_6a9ae8e3a4` FOREIGN KEY (`team_id`) REFERENCES `teams` (`id`)
) ENGINE=InnoDB AUTO_INCREMENT=38 DEFAULT CHARSET=utf8mb4;
/*!40101 SET character_set_client = @saved_cs_client */;

--
-- Dumping data for table `training_slots`
--

LOCK TABLES `training_slots` WRITE;
/*!40000 ALTER TABLE `training_slots` DISABLE KEYS */;
INSERT INTO `training_slots` VALUES (0,1,2,0,'16:00:00',90,'2021-07-04 09:32:37.585342','2021-07-28 12:50:55.090319',0),(1,1,2,1,'16:00:00',90,'2021-07-26 08:52:45.774076','2021-07-27 18:50:46.944522',8),(2,1,2,2,'16:00:00',90,'2021-07-26 08:53:10.032631','2021-07-27 18:51:33.697027',9),(3,1,2,3,'16:00:00',90,'2021-07-26 08:53:19.551777','2021-07-27 18:51:02.396137',8),(4,1,2,4,'16:00:00',90,'2021-07-26 08:53:28.115942','2021-07-27 18:51:50.193922',9),(5,1,2,5,'16:00:00',90,'2021-07-26 08:53:34.883283','2021-07-27 18:51:20.697818',8),(6,1,2,1,'17:30:00',90,'2021-07-26 10:26:14.251622','2021-07-27 18:34:49.411258',6),(7,1,2,2,'17:30:00',90,'2021-07-26 10:26:24.209282','2021-07-27 18:34:20.549281',5),(8,1,2,3,'17:30:00',90,'2021-07-26 10:26:28.334718','2021-07-27 18:35:09.285419',6),(9,1,2,4,'17:30:00',90,'2021-07-26 10:26:32.921250','2021-07-27 18:34:32.387567',5),(10,1,2,5,'17:30:00',90,'2021-07-26 10:26:43.568615','2021-07-27 18:31:01.112076',5),(11,1,2,1,'19:00:00',90,'2021-07-26 10:27:16.927414','2021-07-27 18:29:14.099263',3),(12,1,2,2,'19:00:00',90,'2021-07-26 10:27:22.696241','2021-07-27 18:35:36.043617',1),(13,1,2,3,'19:00:00',90,'2021-07-26 10:27:29.143856','2021-07-27 18:30:20.023335',3),(14,1,2,4,'19:00:00',90,'2021-07-26 10:27:34.724884','2021-07-27 18:35:49.373435',1),(15,1,2,5,'19:00:00',90,'2021-07-26 10:27:38.831480','2021-07-27 18:31:15.653068',3),(16,1,2,1,'20:30:00',90,'2021-07-26 10:28:06.784890','2021-07-27 18:29:27.872608',2),(17,1,2,2,'20:30:00',90,'2021-07-26 10:28:11.079914','2021-07-27 18:36:01.372789',12),(18,1,2,3,'20:30:00',90,'2021-07-26 10:28:15.959946','2021-07-27 18:30:30.946123',2),(19,1,2,4,'20:30:00',90,'2021-07-26 10:28:20.223960','2021-07-27 18:36:12.756331',12),(20,1,2,5,'20:30:00',90,'2021-07-26 10:28:24.191840','2021-07-27 18:31:33.641963',2),(21,1,3,1,'16:00:00',90,'2021-07-26 10:29:27.816544','2021-07-27 18:32:38.073879',10),(22,1,3,2,'16:00:00',90,'2021-07-26 10:29:32.624393','2021-07-27 18:32:56.386817',11),(23,1,3,3,'16:00:00',90,'2021-07-26 10:29:37.147164','2021-07-27 18:33:26.175865',10),(24,1,3,4,'16:00:00',90,'2021-07-26 10:29:41.237048','2021-07-27 18:33:40.240216',11),(25,1,3,5,'16:00:00',90,'2021-07-26 10:29:45.626269','2021-07-27 18:33:15.201516',10),(26,1,5,5,'16:00:00',90,'2021-07-27 18:48:41.641366','2021-07-27 18:52:55.412166',11),(27,1,5,1,'16:00:00',90,'2021-07-27 18:52:11.871473','2021-07-27 18:52:11.871473',9),(28,1,5,5,'17:30:00',90,'2021-07-27 18:55:01.981287','2021-07-27 18:55:24.649380',6),(29,1,5,1,'17:30:00',90,'2021-07-27 18:56:25.147770','2021-07-27 18:57:09.638477',7),(30,1,5,2,'17:30:00',90,'2021-07-27 18:56:46.376075','2021-07-27 18:57:53.862345',7),(31,1,5,4,'17:30:00',90,'2021-07-27 18:58:16.870527','2021-07-27 18:58:31.233662',7),(32,1,5,1,'19:00:00',90,'2021-07-27 19:01:10.872083','2021-07-27 19:05:00.166954',12),(33,1,5,3,'19:00:00',90,'2021-07-27 19:01:22.372627','2021-07-27 19:02:24.738216',12),(34,1,5,5,'19:00:00',90,'2021-07-27 19:01:48.060839','2021-07-27 19:02:41.259007',12),(35,1,5,2,'19:00:00',90,'2021-07-27 19:05:37.016463','2021-07-27 19:05:37.016463',4),(36,1,5,4,'19:00:00',90,'2021-07-27 19:05:52.948057','2021-07-27 19:05:52.948057',4);
/*!40000 ALTER TABLE `training_slots` ENABLE KEYS */;
UNLOCK TABLES;

--
-- Table structure for table `drills_skills`
--

DROP TABLE IF EXISTS `drills_skills`;
/*!40101 SET @saved_cs_client     = @@character_set_client */;
/*!40101 SET character_set_client = utf8 */;
CREATE TABLE `drills_skills` (
  `drill_id` bigint(20) NOT NULL,
  `skill_id` bigint(20) NOT NULL
) ENGINE=InnoDB DEFAULT CHARSET=utf8mb4;
/*!40101 SET character_set_client = @saved_cs_client */;

--
-- Dumping data for table `drills_skills`
--

LOCK TABLES `drills_skills` WRITE;
/*!40000 ALTER TABLE `drills_skills` DISABLE KEYS */;
INSERT INTO `drills_skills` VALUES (1,5),(1,7),(1,8),(6,8),(6,5),(6,7);
/*!40000 ALTER TABLE `drills_skills` ENABLE KEYS */;
UNLOCK TABLES;

--
-- Table structure for table `players_teams`
--

DROP TABLE IF EXISTS `players_teams`;
/*!40101 SET @saved_cs_client     = @@character_set_client */;
/*!40101 SET character_set_client = utf8 */;
CREATE TABLE `players_teams` (
  `player_id` bigint(20) NOT NULL,
  `team_id` bigint(20) NOT NULL
) ENGINE=InnoDB DEFAULT CHARSET=utf8mb4;
/*!40101 SET character_set_client = @saved_cs_client */;

--
-- Dumping data for table `players_teams`
--

LOCK TABLES `players_teams` WRITE;
/*!40000 ALTER TABLE `players_teams` DISABLE KEYS */;
INSERT INTO `players_teams` VALUES (5,2),(11,2),(12,2),(14,2),(18,2),(20,2),(21,2),(27,2),(28,2),(44,2),(9,1),(13,1),(32,1),(34,1),(35,1),(36,1),(39,1),(40,1),(43,1),(46,1),(56,1),(60,1),(94,1),(95,1),(98,1),(100,1),(67,3),(69,3),(70,3),(72,3),(73,3),(76,3),(78,3),(79,3),(80,3),(82,3),(83,3),(1,3),(2,3),(3,3);
/*!40000 ALTER TABLE `players_teams` ENABLE KEYS */;
UNLOCK TABLES;

--
-- Table structure for table `training_sessions`
--

DROP TABLE IF EXISTS `training_sessions`;
/*!40101 SET @saved_cs_client     = @@character_set_client */;
/*!40101 SET character_set_client = utf8 */;
CREATE TABLE `training_sessions` (
  `id` bigint(20) NOT NULL AUTO_INCREMENT,
  `team_id` bigint(20) NOT NULL,
  `date` date DEFAULT NULL,
  `training_slot_id` bigint(20) NOT NULL,
  `created_at` datetime(6) NOT NULL,
  `updated_at` datetime(6) NOT NULL,
  `location_id` bigint(20) DEFAULT NULL,
  `start` time DEFAULT NULL,
  `duration` int(11) DEFAULT NULL,
  `targets` varchar(255) DEFAULT NULL,
  PRIMARY KEY (`id`),
  KEY `index_training_sessions_on_team_id` (`team_id`),
  KEY `index_training_sessions_on_training_slot_id` (`training_slot_id`),
  KEY `index_training_sessions_on_location_id` (`location_id`),
  CONSTRAINT `fk_rails_442db58f77` FOREIGN KEY (`training_slot_id`) REFERENCES `training_slots` (`id`),
  CONSTRAINT `fk_rails_ef3cbc3f15` FOREIGN KEY (`team_id`) REFERENCES `teams` (`id`)
) ENGINE=InnoDB AUTO_INCREMENT=2 DEFAULT CHARSET=utf8mb4;
/*!40101 SET character_set_client = @saved_cs_client */;

--
-- Dumping data for table `training_sessions`
--

LOCK TABLES `training_sessions` WRITE;
/*!40000 ALTER TABLE `training_sessions` DISABLE KEYS */;
INSERT INTO `training_sessions` VALUES (1,10,'2021-09-06',21,'2021-07-28 13:17:32.555674','2021-07-28 14:25:57.230601',3,'00:00:00',90,'Evaluación');
/*!40000 ALTER TABLE `training_sessions` ENABLE KEYS */;
UNLOCK TABLES;

--
-- Table structure for table `coaches_teams`
--

DROP TABLE IF EXISTS `coaches_teams`;
/*!40101 SET @saved_cs_client     = @@character_set_client */;
/*!40101 SET character_set_client = utf8 */;
CREATE TABLE `coaches_teams` (
  `coach_id` bigint(20) NOT NULL,
  `team_id` bigint(20) NOT NULL
) ENGINE=InnoDB DEFAULT CHARSET=utf8mb4;
/*!40101 SET character_set_client = @saved_cs_client */;

--
-- Dumping data for table `coaches_teams`
--

LOCK TABLES `coaches_teams` WRITE;
/*!40000 ALTER TABLE `coaches_teams` DISABLE KEYS */;
INSERT INTO `coaches_teams` VALUES (1,2),(1,1),(5,1),(3,3);
/*!40000 ALTER TABLE `coaches_teams` ENABLE KEYS */;
UNLOCK TABLES;
/*!40103 SET TIME_ZONE=@OLD_TIME_ZONE */;

/*!40101 SET SQL_MODE=@OLD_SQL_MODE */;
/*!40014 SET FOREIGN_KEY_CHECKS=@OLD_FOREIGN_KEY_CHECKS */;
/*!40014 SET UNIQUE_CHECKS=@OLD_UNIQUE_CHECKS */;
/*!40101 SET CHARACTER_SET_CLIENT=@OLD_CHARACTER_SET_CLIENT */;
/*!40101 SET CHARACTER_SET_RESULTS=@OLD_CHARACTER_SET_RESULTS */;
/*!40101 SET COLLATION_CONNECTION=@OLD_COLLATION_CONNECTION */;
/*!40111 SET SQL_NOTES=@OLD_SQL_NOTES */;

-- Dump completed on 2021-07-28 19:49:46
